"FirstName","LastName","ScopusID","Country","Institution","AuthorName"
"Jonathan","Mant","26643244100","UK","Cambridge","JonathanMant"
"Stephen","Sutton","35235628600","UK","Cambridge","StephenSutton"
"Robbie","Duschinsky","36986651700","UK","Cambridge","RobbieDuschinsky"
"Christi","Deaton","57204081024","UK","Cambridge","ChristiDeaton"
"Stephen","Barclay","7005525927","UK","Cambridge","StephenBarclay"
"Theresa","Marteau","7006758192","UK","Cambridge","TheresaMarteau"
"Fiona","Walter","7103067740","UK","Cambridge","FionaWalter"
"Simon","Griffin","7201880869","UK","Cambridge","SimonGriffin"
"Juliet","UsherSmith","8455034600","UK","Cambridge","JulietUsherSmith"
"Robert","Greenberg","17934532500","USA","Dartmouth","RobertGreenberg"
"AllenJ","Dietrich","19433645800","USA","Dartmouth","AllenJDietrich"
"JohnA","Baron","26642948500","USA","Dartmouth","JohnABaron"
"CathleenE","Morrow","34873010500","USA","Dartmouth","CathleenEMorrow"
"ReneeL","Pepin","35485120300","USA","Dartmouth","ReneeLPepin"
"JohnE","Wennberg","35501693400","USA","Dartmouth","JohnEWennberg"
"Ellen","Flaherty","35846870800","USA","Dartmouth","EllenFlaherty"
"BrantJ","Oliver","36669108900","USA","Dartmouth","BrantJOliver"
"JamesC","Strickler","36938468300","USA","Dartmouth","JamesCStrickler"
"ManishK","Mishra","36998742600","USA","Dartmouth","ManishKMishra"
"FayF","Homan","37001505600","USA","Dartmouth","FayFHoman"
"RichardF","HobbsIII","37031158300","USA","Dartmouth","RichardFHobbsIII"
"JohnW","Kirk","55438702000","USA","Dartmouth","JohnWKirk"
"JohnG","Scott","55477039500","USA","Dartmouth","JohnGScott"
"MaryE","Wood","55568512334","USA","Dartmouth","MaryEWood"
"MarkM","Nunlist","55787159300","USA","Dartmouth","MarkMNunlist"
"JonathanB","Karnes","56368352700","USA","Dartmouth","JonathanBKarnes"
"GeraldT","OConnor","56446368700","USA","Dartmouth","GeraldTOConnor"
"Mark","Harris","56466716700","USA","Dartmouth","MarkHarris"
"JosephV","Henderson","56680583300","USA","Dartmouth","JosephVHenderson"
"Susan","Reeves","56799130200","USA","Dartmouth","SusanReeves"
"JuliaL","McDonald","57199477452","USA","Dartmouth","JuliaLMcDonald"
"WilliamC","Black","57201827080","USA","Dartmouth","WilliamCBlack"
"MeaghanA","Kennedy","57203293635","USA","Dartmouth","MeaghanAKennedy"
"VirginiaA","Reed","57204245941","USA","Dartmouth","VirginiaAReed"
"DanielS","Stadler","57204629953","USA","Dartmouth","DanielSStadler"
"NormanN","Miller","57207226103","USA","Dartmouth","NormanNMiller"
"PaulB","Batalden","57207532665","USA","Dartmouth","PaulBBatalden"
"MargueriteP","Stevens","57225834042","USA","Dartmouth","MargueritePStevens"
"Jiang","Gui","57240400900","USA","Dartmouth","JiangGui"
"KarenE","Schifferdecker","6507183825","USA","Dartmouth","KarenESchifferdecker"
"Donald","Kollisch","6602079780","USA","Dartmouth","DonaldKollisch"
"BrendaE","Sirovich","6602118629","USA","Dartmouth","BrendaESirovich"
"TimothyE","Burdick","6603142654","USA","Dartmouth","TimothyEBurdick"
"MScottie","Eliassen","6603237910","USA","Dartmouth","MScottieEliassen"
"NormanN","Yanofsky","6603294340","USA","Dartmouth","NormanNYanofsky"
"CatherineFlorio","Pipas","6603366098","USA","Dartmouth","CatherineFlorioPipas"
"DeborahA","Peltier","6603580853","USA","Dartmouth","DeborahAPeltier"
"GChristian","Jernstedt","6603599763","USA","Dartmouth","GChristianJernstedt"
"MarthaG","ReganSmith","6603739124","USA","Dartmouth","MarthaGReganSmith"
"Michael","Zubkoff","6701495854","USA","Dartmouth","MichaelZubkoff"
"LouisA","Kazal","6701594695","USA","Dartmouth","LouisAKazal"
"MarkT","Hegel","7003635980","USA","Dartmouth","MarkTHegel"
"HilaryA","LlewellynThomas","7003760598","USA","Dartmouth","HilaryALlewellynThomas"
"MargaretRita","Karagas","7003779589","USA","Dartmouth","MargaretRitaKaragas"
"StephenK","Plume","7004076637","USA","Dartmouth","StephenKPlume"
"Steven","Woloshin","7004775848","USA","Dartmouth","StevenWoloshin"
"TorD","Tosteson","7005026459","USA","Dartmouth","TorDTosteson"
"DavidJ","Malenka","7005158815","USA","Dartmouth","DavidJMalenka"
"KristineA","Karlson","7005390850","USA","Dartmouth","KristineAKarlson"
"MaryF","Brunette","7006002809","USA","Dartmouth","MaryFBrunette"
"AnnBarry","Flood","7006079521","USA","Dartmouth","AnnBarryFlood"
"ElizabethL","Barry","7006302282","USA","Dartmouth","ElizabethLBarry"
"ThomasE","Oxman","7006770036","USA","Dartmouth","ThomasEOxman"
"AnnaNA","Tosteson","7006963779","USA","Dartmouth","AnnaNATosteson"
"MarthaD","McDaniel","7101769471","USA","Dartmouth","MarthaDMcDaniel"
"RobertK","McLellan","7101843718","USA","Dartmouth","RobertKMcLellan"
"HaroldM","Swartz","7102010298","USA","Dartmouth","HaroldMSwartz"
"ArdisL","Olson","7102256570","USA","Dartmouth","ArdisLOlson"
"PatrickD","Lyons","7102523871","USA","Dartmouth","PatrickDLyons"
"JohnH","Wasson","7102539808","USA","Dartmouth","JohnHWasson"
"SarahG","Johansen","7102751385","USA","Dartmouth","SarahGJohansen"
"JamesN","Weinstein","7201816858","USA","Dartmouth","JamesNWeinstein"
"JamesD","Sargent","7202514930","USA","Dartmouth","JamesDSargent"
"TinaC","Foster","7202938424","USA","Dartmouth","TinaCFoster"
"Haiyi","Xie","7401673365","USA","Dartmouth","HaiyiXie"
"WilliamA","Nelson","7401692488","USA","Dartmouth","WilliamANelson"
"JonathanS","Skinner","7401822050","USA","Dartmouth","JonathanSSkinner"
"DavidC","Goodman","7401858854","USA","Dartmouth","DavidCGoodman"
"ElliotS","Fisher","7401995850","USA","Dartmouth","ElliotSFisher"
"MargaretM","Sullivan","7401998733","USA","Dartmouth","MargaretMSullivan"
"EugeneC","Nelson","7402264648","USA","Dartmouth","EugeneCNelson"
"JonathanM","Ross","7404965098","USA","Dartmouth","JonathanMRoss"
"PatriciaT","Glowa","7801588550","USA","Dartmouth","PatriciaTGlowa"
"JudyR","Rees","8402743000","USA","Dartmouth","JudyRRees"
"LisaV","Adams","8439862000","USA","Dartmouth","LisaVAdams"
"BrockC","Christensen","8577632600","USA","Dartmouth","BrockCChristensen"
"MinaRuth","Silberberg","12804958400","USA","Duke","MinaRuthSilberberg"
"AnthonyJoseph","Viera","35605425800","USA","Duke","AnthonyJosephViera"
"AudreyL","Blewer","50461029300","USA","Duke","AudreyLBlewer"
"Tiarney","Ritchwood","55845763800","USA","Duke","TiarneyRitchwood"
"KatelynMarie","Holliday","55921474900","USA","Duke","KatelynMarieHolliday"
"CandiceYang","Johnson","56397363000","USA","Duke","CandiceYangJohnson"
"Hanzhang","Xu","57190431371","USA","Duke","HanzhangXu"
"Truls","Ostbye","57217603665","USA","Duke","TrulsOstbye"
"LauraJane","Fish","7006701047","USA","Duke","LauraJaneFish"
"PatriciaGripka","Moorman","7006971692","USA","Duke","PatriciaGripkaMoorman"
"MaryT","Story","7102727128","USA","Duke","MaryTStory"
"Lavanya","Vasudevan","8369232800","USA","Duke","LavanyaVasudevan"
"PerriAnne","Morgan","8614491300","USA","Duke","PerriAnneMorgan"
"Barbara","Ogur","16231509700","USA","Harvard","BarbaraOgur"
"Myechia","MinterJordan","16307352000","USA","Harvard","MyechiaMinterJordan"
"Mark","Friedberg","22034194200","USA","Harvard","MarkFriedberg"
"Zirui","Song","23979060200","USA","Harvard","ZiruiSong"
"MaryaJ","Cohen","36682025200","USA","Harvard","MaryaJCohen"
"Sara","Fazio","36894350800","USA","Harvard","SaraFazio"
"Jeremy","Nobel","55023781700","USA","Harvard","JeremyNobel"
"Lisa","Rotenstein","55094569500","USA","Harvard","LisaRotenstein"
"Lara","Jirmanus","55180583700","USA","Harvard","LaraJirmanus"
"Seth","Berkowitz","56054064300","USA","Harvard","SethBerkowitz"
"Gary","Bailey","56090440800","USA","Harvard","GaryBailey"
"Somava","Stout","56254972600","USA","Harvard","SomavaStout"
"Robert","Gabbay","56762375500","USA","Harvard","RobertGabbay"
"Andrew","Ellner","56780052200","USA","Harvard","AndrewEllner"
"David","Duong","57192650765","USA","Harvard","DavidDuong"
"Stephen","Martin","57194519847","USA","Harvard","StephenMartin"
"Katherine","Miller","57205528216","USA","Harvard","KatherineMiller"
"Dan","Schwarz","57215377165","USA","Harvard","DanSchwarz"
"RebekahL","Rollston","57217127741","USA","Harvard","RebekahLRollston"
"ErinE","Sullivan","57224602013","USA","Harvard","ErinESullivan"
"Joseph","Frolkis","6602721215","USA","Harvard","JosephFrolkis"
"Quyen","NgoMetzger","6602888601","USA","Harvard","QuyenNgoMetzger"
"Asaf","Bitton","7003739385","USA","Harvard","AsafBitton"
"BruceE","Landon","7003838254","USA","Harvard","BruceELandon"
"Gordon","Schiff","7005336378","USA","Harvard","GordonSchiff"
"Barbara","Gottlieb","7006647587","USA","Harvard","BarbaraGottlieb"
"Bruce","Donoff","7006986695","USA","Harvard","BruceDonoff"
"Steven","Simon","7402458101","USA","Harvard","StevenSimon"
"Zach","Malchano","9238302000","USA","Harvard","ZachMalchano"
"JulieYun","Chen","24376037700","Asia","HKU","JulieYunChen"
"CindyLoKuen","Lam","24755913900","Asia","HKU","CindyLoKuenLam"
"WilliamChiWai","Wong","25230779000","Asia","HKU","WilliamChiWaiWong"
"WengYee","Chin","35117470300","Asia","HKU","WengYeeChin"
"TaiPong","Lam","55232643600","Asia","HKU","TaiPongLam"
"EricYukFai","Wan","56496596200","Asia","HKU","EricYukFaiWan"
"EstherYeeTak","Yu","56684127200","Asia","HKU","EstherYeeTakYu"
"CarlosKingHo","Wong","57192409955","Asia","HKU","CarlosKingHoWong"
"EmilyTsuiYee","Tse","57207875180","Asia","HKU","EmilyTsuiYeeTse"
"Linda","Chan","57210339286","Asia","HKU","LindaChan"
"LauraElizabeth","Bedford","57215033728","Asia","HKU","LauraElizabethBedford"
"Suzanne","Gagnon","11339342000","Canada","Laval","SuzanneGagnon"
"Claude","Topping","14826143300","Canada","Laval","ClaudeTopping"
"Marcel","Émond","16202736300","Canada","Laval","MarcelÉmond"
"Johanne","Théorêt","16553439800","Canada","Laval","JohanneThéorêt"
"MarieClaude","Tremblay","18838972900","Canada","Laval","MarieClaudeTremblay"
"LynnR","Gauthier","22634409000","Canada","Laval","LynnRGauthier"
"MamanJoyce","Dogba","26321493200","Canada","Laval","MamanJoyceDogba"
"Holly","Witteman","26641566900","Canada","Laval","HollyWitteman"
"France","Légaré","26643433800","Canada","Laval","FranceLégaré"
"Patrick","Archambault","35271045100","Canada","Laval","PatrickArchambault"
"Josette","Castel","36992979800","Canada","Laval","JosetteCastel"
"Maude","StOnge","42762234800","Canada","Laval","MaudeStOnge"
"Simon","Berthelot","55748638300","Canada","Laval","SimonBerthelot"
"Matthew","Menear","56154364100","Canada","Laval","MatthewMenear"
"Pierre","Beaupré","56416237700","Canada","Laval","PierreBeaupré"
"JeanSébastien","Renaud","56452464600","Canada","Laval","JeanSébastienRenaud"
"Antoine","Groulx","56821790900","Canada","Laval","AntoineGroulx"
"Julie","Thériault","57190131683","Canada","Laval","JulieThériault"
"Julie","Fortin","57197972684","Canada","Laval","JulieFortin"
"Éric","Mercier","57214671083","Canada","Laval","ÉricMercier"
"Samuel","Boudreault","57218378583","Canada","Laval","SamuelBoudreault"
"Jean","Ouellet","57220454876","Canada","Laval","JeanOuellet"
"Hubert","Marcoux","6505912435","Canada","Laval","HubertMarcoux"
"Michel","Cauchon","6506622253","Canada","Laval","MichelCauchon"
"Yvan","Leduc","6602696756","Canada","Laval","YvanLeduc"
"Jean","Maziade","6602937443","Canada","Laval","JeanMaziade"
"Caroline","Rhéaume","6603551932","Canada","Laval","CarolineRhéaume"
"Gilles","Lortie","6701371276","Canada","Laval","GillesLortie"
"Anik","Giguère","6701783885","Canada","Laval","AnikGiguère"
"Richard","Fleet","7004081487","Canada","Laval","RichardFleet"
"Bruno","Gagnon","7004297816","Canada","Laval","BrunoGagnon"
"Danielle","Saucier","7005302177","Canada","Laval","DanielleSaucier"
"Rénald","Bergeron","7101806450","Canada","Laval","RénaldBergeron"
"MarieHélène","Dufour","7103106405","Canada","Laval","MarieHélèneDufour"
"Annie","Leblanc","7103233432","Canada","Laval","AnnieLeblanc"
"Christian","Rheault","7801369676","Canada","Laval","ChristianRheault"
"Miriam","Lacasse","8603839300","Canada","Laval","MiriamLacasse"
"Bertrand","Lebouche","14421205500","Canada","McGill","BertrandLebouche"
"Isabelle","Vedel","16240232400","Canada","McGill","IsabelleVedel"
"Tibor","Schuster","16643719200","Canada","McGill","TiborSchuster"
"Peter","Nugus","22835266000","Canada","McGill","PeterNugus"
"RoksanaRoxana","Behruzi","30667442000","Canada","McGill","RoksanaRoxanaBehruzi"
"Kathleen","Rice","35204088500","Canada","McGill","KathleenRice"
"Ellen","Rosenberg","35614391500","Canada","McGill","EllenRosenberg"
"Tamara","Carver","55748038500","Canada","McGill","TamaraCarver"
"Samira","AbbasgholizadehRahimi","55975176200","Canada","McGill","SamiraAbbasgholizadehRahimi"
"Alison","Doucet","55994355000","Canada","McGill","AlisonDoucet"
"Vladimir","Khanassov","56203918900","Canada","McGill","VladimirKhanassov"
"Irina","Kudrina","57202899020","Canada","McGill","IrinaKudrina"
"Alexandra","DePokomandy","57203122067","Canada","McGill","AlexandraDePokomandy"
"Anne","Andermann","6602366599","Canada","McGill","AnneAndermann"
"Eugene","Bereza","6602611943","Canada","McGill","EugeneBereza"
"Yves","Bergevin","6603218927","Canada","McGill","YvesBergevin"
"Yvonne","Steinert","7003537985","Canada","McGill","YvonneSteinert"
"Ann","Macaulay","7003572720","Canada","McGill","AnnMacaulay"
"Roland","Grad","7003936000","Canada","McGill","RolandGrad"
"Neil","Andersson","7004464244","Canada","McGill","NeilAndersson"
"Mark","Ware","7005356690","Canada","McGill","MarkWare"
"Gillian","BartlettEsquilant","7006916627","Canada","McGill","GillianBartlettEsquilant"
"Anne","Cockcroft","7007180843","Canada","McGill","AnneCockcroft"
"Tracie","Barnett","7101910205","Canada","McGill","TracieBarnett"
"Mark","Yaffe","7101980633","Canada","McGill","MarkYaffe"
"Jeannie","Haggerty","7102436846","Canada","McGill","JeannieHaggerty"
"Howard","Bergman","7102553003","Canada","McGill","HowardBergman"
"Charo","Rodriguez","7401788279","Canada","McGill","CharoRodriguez"
"AlayneMary","Adams","7401910199","Canada","McGill","AlayneMaryAdams"
"AlexM","McComber","8050764200","Canada","McGill","AlexMMcComber"
"Machelle","Wilchesky","8099088500","Canada","McGill","MachelleWilchesky"
"Pierre","Pluye","9942356200","Canada","McGill","PierrePluye"
"ChristineT","Cigolle","10240446500","USA","Michigan","ChristineTCigolle"
"Michelle","Meade","35553228300","USA","Michigan","MichelleMeade"
"MichaelM","McKee","37124462900","USA","Michigan","MichaelMMcKee"
"KimberlyS","McKee","54383802700","USA","Michigan","KimberlySMcKee"
"Elham","Mahmoudi","55033905300","USA","Michigan","ElhamMahmoudi"
"Ananda","Sen","55443624400","USA","Michigan","AnandaSen"
"Tammy","Chang","55599635700","USA","Michigan","TammyChang"
"JustineP","Wu","56055377000","USA","Michigan","JustinePWu"
"SuzannaM","Zick","56521833600","USA","Michigan","SuzannaMZick"
"TimothyC","Guetterman","56652174000","USA","Michigan","TimothyCGuetterman"
"LisaM","Meeks","56901065100","USA","Michigan","LisaMMeeks"
"PPaul","Chandanabhumma","57203727675","USA","Michigan","PPaulChandanabhumma"
"Cornelius","Jamison","57203971419","USA","Michigan","CorneliusJamison"
"Lorraine","Buis","57204346657","USA","Michigan","LorraineBuis"
"GolfoKTzilos","Wernette","6507170774","USA","Michigan","GolfoKTzilosWernette"
"SaraL","Warber","6602106224","USA","Michigan","SaraLWarber"
"Melissa","Dejonckheere","6602480331","USA","Michigan","MelissaDejonckheere"
"Philip","Zazove","6701847250","USA","Michigan","PhilipZazove"
"MichaelS","Klinkman","7003394199","USA","Michigan","MichaelSKlinkman"
"JohnW","Creswell","7004007865","USA","Michigan","JohnWCreswell"
"MichaelD","Fetters","7004019124","USA","Michigan","MichaelDFetters"
"JamesE","Aikens","7004351711","USA","Michigan","JamesEAikens"
"Zora","Djuric","7005856411","USA","Michigan","ZoraDjuric"
"SherriSheinfeld","Gorin","7006171579","USA","Michigan","SherriSheinfeldGorin"
"BarbaraD","Reed","7202456097","USA","Michigan","BarbaraDReed"
"DianeM","Harper","7202582929","USA","Michigan","DianeMHarper"
"CarolineR","Richardson","7402506038","USA","Michigan","CarolineRRichardson"
"KatherineJ","Gold","8276839400","USA","Michigan","KatherineJGold"
"Jenny","Advocat","35261560700","AUS","Monash","JennyAdvocat"
"Sumudu","Cooray","35741934300","AUS","Monash","SumuduCooray"
"Nilakshi","Gunatillaka","36659303600","AUS","Monash","NilakshiGunatillaka"
"Cathy","Watson","36868112700","AUS","Monash","CathyWatson"
"Vera","Costa","47560924200","AUS","Monash","VeraCosta"
"Rachel","Duckham","55559487100","AUS","Monash","RachelDuckham"
"Samantha","Chakraborty","55928697800","AUS","Monash","SamanthaChakraborty"
"Pallavi","Prathivadi","56451200400","AUS","Monash","PallaviPrathivadi"
"Riki","Lane","57193934315","AUS","Monash","RikiLane"
"Liz","Sturgiss","57218481466","AUS","Monash","LizSturgiss"
"Susannah","Westbury","57222463106","AUS","Monash","SusannahWestbury"
"Melis","Selamoglu","57429892300","AUS","Monash","MelisSelamoglu"
"Danielle","Mazza","7006691143","AUS","Monash","DanielleMazza"
"Chris","Barton","7202585654","AUS","Monash","ChrisBarton"
"Sajal","Saha","7403281027","AUS","Monash","SajalSaha"
"Grant","Russell","8718073800","AUS","Monash","GrantRussell"
"JohnDavid","Heintzman","15922637500","USA","OHSU","JohnDavidHeintzman"
"JohnP","Muench","15923365500","USA","OHSU","JohnPMuench"
"Ana","Quinones","25031756900","USA","OHSU","AnaQuinones"
"Steffani","Bailey","25959892100","USA","OHSU","SteffaniBailey"
"PatriciaA","Carney","35598907200","USA","OHSU","PatriciaACarney"
"MelindaM","Davis","35777617300","USA","OHSU","MelindaMDavis"
"Miguel","Marino","54585655600","USA","OHSU","MiguelMarino"
"Brigit","Hatch","55838586700","USA","OHSU","BrigitHatch"
"Heather","Angier","57201972669","USA","OHSU","HeatherAngier"
"Erik","Brodt","57202275894","USA","OHSU","ErikBrodt"
"BrianJ","Park","57211522554","USA","OHSU","BrianJPark"
"Nathalie","Huguet","6506248480","USA","OHSU","NathalieHuguet"
"LyleJ","Fagnan","6506559674","USA","OHSU","LyleJFagnan"
"Patrice","Eiff","6602440799","USA","OHSU","PatriceEiff"
"JenniferE","DeVoe","6603604190","USA","OHSU","JenniferEDeVoe"
"Nancy","Elder","7003383994","USA","OHSU","NancyElder"
"Susan","Flocke","7005079217","USA","OHSU","SusanFlocke"
"CirilaEstelaVasquez","Guzman","7103258568","USA","OHSU","CirilaEstelaVasquezGuzman"
"DeborahJ","Cohen","7404418427","USA","OHSU","DeborahJCohen"
"Claire","Kendall","12791296200","Canada","Ottawa","ClaireKendall"
"KayAnne","Haykal","16175138500","Canada","Ottawa","KayAnneHaykal"
"MarieHélène","Chomienne","23570359700","Canada","Ottawa","MarieHélèneChomienne"
"Clare","Liddy","23990976300","Canada","Ottawa","ClareLiddy"
"Kheira","JolinDahel","24479743500","Canada","Ottawa","KheiraJolinDahel"
"Douglas","Archibald","35179094900","Canada","Ottawa","DouglasArchibald"
"AmyK","Nakajima","55167685900","Canada","Ottawa","AmyKNakajima"
"Rohit","Gandhi","56735638700","Canada","Ottawa","RohitGandhi"
"Daniel","Myran","56766134900","Canada","Ottawa","DanielMyran"
"MaddieJ","Venables","57119315900","Canada","Ottawa","MaddieJVenables"
"Amy","Hsu","57192269278","Canada","Ottawa","AmyHsu"
"Barbara","Farrell","57205685334","Canada","Ottawa","BarbaraFarrell"
"Pil","Joo","57394818100","Canada","Ottawa","PilJoo"
"Peter","Tanuseputro","6506713049","Canada","Ottawa","PeterTanuseputro"
"Kevin","Pottie","6602828498","Canada","Ottawa","KevinPottie"
"PeggyJ","Kleinplatz","6602838606","Canada","Ottawa","PeggyJKleinplatz"
"Simone","Dahrouge","6602996818","Canada","Ottawa","SimoneDahrouge"
"Lise","Bjerre","6603222621","Canada","Ottawa","LiseBjerre"
"DouglasG","Manuel","7003750731","Canada","Ottawa","DouglasGManuel"
"William","Hogg","7004496466","Canada","Ottawa","WilliamHogg"
"Sharon","Johnston","7401782077","Canada","Ottawa","SharonJohnston"
"Rebecca","Barnes","10041373600","UK","Oxford","RebeccaBarnes"
"Carl","Heneghan","15020768600","UK","Oxford","CarlHeneghan"
"Margaret","Smith","15037395300","UK","Oxford","MargaretSmith"
"Nick","Fahy","16024709400","UK","Oxford","NickFahy"
"Muir","Gray","23970842300","UK","Oxford","MuirGray"
"Sara","Paparini","23973273100","UK","Oxford","SaraPaparini"
"David","Nunan","23976859100","UK","Oxford","DavidNunan"
"Claire","Duddy","23993868300","UK","Oxford","ClaireDuddy"
"Joseph","Wherton","24167156900","UK","Oxford","JosephWherton"
"Emily","McFadden","24329677400","UK","Oxford","EmilyMcFadden"
"Samantha","Line","24343865200","UK","Oxford","SamanthaLine"
"Trish","Greenhalgh","24344105700","UK","Oxford","TrishGreenhalgh"
"Veronika","Williams","24725920400","UK","Oxford","VeronikaWilliams"
"Carmen","Piernas","25626445300","UK","Oxford","CarmenPiernas"
"Jennifer","MacLellan","25641427200","UK","Oxford","JenniferMacLellan"
"Susannah","Fleming","26321475500","UK","Oxford","SusannahFleming"
"Nerys","Astbury","26532383600","UK","Oxford","NerysAstbury"
"Andrew","Farmer","34975056800","UK","Oxford","AndrewFarmer"
"Rachna","Begh","35097292400","UK","Oxford","RachnaBegh"
"Nicola","Lindson","35097322400","UK","Oxford","NicolaLindson"
"AnneMarie","Boylan","35108751000","UK","Oxford","AnneMarieBoylan"
"Julie","Darbyshire","35197757900","UK","Oxford","JulieDarbyshire"
"MariaVazquez","Montes","35273864600","UK","Oxford","MariaVazquezMontes"
"Subhashisa","Swain","35760603800","UK","Oxford","SubhashisaSwain"
"Rachel","Pechey","36451376700","UK","Oxford","RachelPechey"
"Lisa","Hopcroft","36522898400","UK","Oxford","LisaHopcroft"
"KamalR","Mahtani","36840707700","UK","Oxford","KamalRMahtani"
"Bernardo","MezzaTorres","36915607500","UK","Oxford","BernardoMezzaTorres"
"Jason","Oke","37018670900","UK","Oxford","JasonOke"
"Sarah","TonkinCrine","37033113000","UK","Oxford","SarahTonkinCrine"
"Joanna","Crocker","37037034700","UK","Oxford","JoannaCrocker"
"Diana","Withrow","37038716600","UK","Oxford","DianaWithrow"
"Hannah","Wilson","37063925000","UK","Oxford","HannahWilson"
"Chrysanthi","Papoutsi","41461686300","UK","Oxford","ChrysanthiPapoutsi"
"Catia","Nicodemo","45761387300","UK","Oxford","CatiaNicodemo"
"Milensu","Shanyinde","47062144400","UK","Oxford","MilensuShanyinde"
"Yaling","Yang","51864736100","UK","Oxford","YalingYang"
"Jennifer","Hirst","53163671800","UK","Oxford","JenniferHirst"
"Felix","Achana","54885976500","UK","Oxford","FelixAchana"
"Paul","Aveyard","55073731400","UK","Oxford","PaulAveyard"
"Ruby","Tsang","55194562100","UK","Oxford","RubyTsang"
"Corneliu","Bolbocean","55210769900","UK","Oxford","CorneliuBolbocean"
"James","Sheppard","55308951100","UK","Oxford","JamesSheppard"
"Julie","McLellan","55330280100","UK","Oxford","JulieMcLellan"
"Stephanie","Tierney","55390041400","UK","Oxford","StephanieTierney"
"Jamie","HartmannBoyce","55433786500","UK","Oxford","JamieHartmannBoyce"
"CynthiaWright","Drakesmith","55600043000","UK","Oxford","CynthiaWrightDrakesmith"
"JeffreyK","Aronson","55683060600","UK","Oxford","JeffreyKAronson"
"JoséM","OrdóñezMena","55734561800","UK","Oxford","JoséMOrdóñezMena"
"May","Png","55757434100","UK","Oxford","MayPng"
"MarcyMcCall","MacBain","55757788100","UK","Oxford","MarcyMcCallMacBain"
"Philip","Turner","55759804900","UK","Oxford","PhilipTurner"
"Chris","Butler","55814434300","UK","Oxford","ChrisButler"
"Richard","McManus","55815978400","UK","Oxford","RichardMcManus"
"Rebekah","Burrow","55850028400","UK","Oxford","RebekahBurrow"
"Oliver","vanHecke","55974182400","UK","Oxford","OlivervanHecke"
"Helen","Salisbury","56001030700","UK","Oxford","HelenSalisbury"
"BrianD","Nicholson","56108796900","UK","Oxford","BrianDNicholson"
"Constantinos","Koshiaris","56208571400","UK","Oxford","ConstantinosKoshiaris"
"Bethan","McDonald","56296627100","UK","Oxford","BethanMcDonald"
"Anna","Dowrick","56321710600","UK","Oxford","AnnaDowrick"
"David","McCartney","56355012600","UK","Oxford","DavidMcCartney"
"Padraig","Dixon","56506456900","UK","Oxford","PadraigDixon"
"John","Buckell","56524516300","UK","Oxford","JohnBuckell"
"Michelle","vanVelthoven","56596974700","UK","Oxford","MichellevanVelthoven"
"Abigail","McNiven","56598121400","UK","Oxford","AbigailMcNiven"
"Marta","Wanat","56668621200","UK","Oxford","MartaWanat"
"Nicola","Williams","56697816100","UK","Oxford","NicolaWilliams"
"PuiSan","Tan","56828679400","UK","Oxford","PuiSanTan"
"Aleksandra","Borek","56871266500","UK","Oxford","AleksandraBorek"
"Tanvi","Rai","56976091800","UK","Oxford","TanviRai"
"Paul","Bateman","57002888700","UK","Oxford","PaulBateman"
"Gemma","Hughes","57162008600","UK","Oxford","GemmaHughes"
"Barry","McCormick","57189659224","UK","Oxford","BarryMcCormick"
"Lucas","Seuren","57189871386","UK","Oxford","LucasSeuren"
"Teresa","Finlay","57190341200","UK","Oxford","TeresaFinlay"
"Ali","Albasri","57190380282","UK","Oxford","AliAlbasri"
"Jonathan","LivingstoneBanks","57190435446","UK","Oxford","JonathanLivingstoneBanks"
"Lazaro","Mwandigha","57191190213","UK","Oxford","LazaroMwandigha"
"Jan","Verbakel","57191266755","UK","Oxford","JanVerbakel"
"Annika","Theodoulou","57191282563","UK","Oxford","AnnikaTheodoulou"
"Rachel","Byford","57191486243","UK","Oxford","RachelByford"
"Cervantee","Wild","57191724812","UK","Oxford","CervanteeWild"
"Emma","Ogburn","57192090147","UK","Oxford","EmmaOgburn"
"Sungwook","Kim","57192675106","UK","Oxford","SungwookKim"
"Richard","Croker","57193068596","UK","Oxford","RichardCroker"
"Min","Gao","57193110722","UK","Oxford","MinGao"
"Debra","Westlake","57193173791","UK","Oxford","DebraWestlake"
"Sietse","Wieringa","57193413362","UK","Oxford","SietseWieringa"
"Alison","Chisholm","57193776749","UK","Oxford","AlisonChisholm"
"Caterina","Alacevich","57194462792","UK","Oxford","CaterinaAlacevich"
"ClaireFriedemann","Smith","57195616638","UK","Oxford","ClaireFriedemannSmith"
"Ashley","White","57195675373","UK","Oxford","AshleyWhite"
"Julian","Sherlock","57196469174","UK","Oxford","JulianSherlock"
"Suzanne","Li","57197845697","UK","Oxford","SuzanneLi"
"Robert","Williams","57198060702","UK","Oxford","RobertWilliams"
"Kathy","Taylor","57198373286","UK","Oxford","KathyTaylor"
"Lucy","Moore","57198979097","UK","Oxford","LucyMoore"
"Sam","Mort","57201058413","UK","Oxford","SamMort"
"Helen","Curtis","57201687627","UK","Oxford","HelenCurtis"
"Seb","Bacon","57201704275","UK","Oxford","SebBacon"
"Charlotte","Albury","57202071244","UK","Oxford","CharlotteAlbury"
"Stavros","Petrou","57202103259","UK","Oxford","StavrosPetrou"
"Ben","Goldacre","57203032777","UK","Oxford","BenGoldacre"
"Rafael","Perera","57203214133","UK","Oxford","RafaelPerera"
"Stuart","Redding","57203835913","UK","Oxford","StuartRedding"
"Eleanor","Temple","57204091357","UK","Oxford","EleanorTemple"
"Colm","Andrews","57204364648","UK","Oxford","ColmAndrews"
"Melissa","Stepney","57204974856","UK","Oxford","MelissaStepney"
"Lauren","Bandy","57205346433","UK","Oxford","LaurenBandy"
"Georgia","Richards","57205512466","UK","Oxford","GeorgiaRichards"
"JoaquimVidiella","Martin","57205669534","UK","Oxford","JoaquimVidiellaMartin"
"Patrick","Fahr","57208331711","UK","Oxford","PatrickFahr"
"Amadea","Turk","57208633895","UK","Oxford","AmadeaTurk"
"Brian","Cook","57209182725","UK","Oxford","BrianCook"
"Jessica","Morley","57209294694","UK","Oxford","JessicaMorley"
"Sebastien","Libert","57210110713","UK","Oxford","SebastienLibert"
"Marta","Santillo","57210122407","UK","Oxford","MartaSantillo"
"Caroline","Morton","57212056360","UK","Oxford","CarolineMorton"
"Rebecca","Smith","57212994514","UK","Oxford","RebeccaSmith"
"John","Williams","57213046672","UK","Oxford","JohnWilliams"
"Margaret","Gogowska","57213307910","UK","Oxford","MargaretGogowska"
"Milan","Wiedemann","57215562133","UK","Oxford","MilanWiedemann"
"Oluwafunmi","Akinyemi","57216343453","UK","Oxford","OluwafunmiAkinyemi"
"Cecilia","Okusi","57216931404","UK","Oxford","CeciliaOkusi"
"Daniel","Plotkin","57216953172","UK","Oxford","DanielPlotkin"
"Amir","Mehrkar","57217852753","UK","Oxford","AmirMehrkar"
"Peter","Inglesby","57217858165","UK","Oxford","PeterInglesby"
"Jadine","Scragg","57218857817","UK","Oxford","JadineScragg"
"Ushma","Galal","57219181527","UK","Oxford","UshmaGalal"
"Ailsa","Butler","57219463503","UK","Oxford","AilsaButler"
"Bakita","Kasadha","57219607990","UK","Oxford","BakitaKasadha"
"Jill","Mollison","57220361521","UK","Oxford","JillMollison"
"Ariel","Wang","57220863333","UK","Oxford","ArielWang"
"William","Hulme","57221319017","UK","Oxford","WilliamHulme"
"Gail","Hayward","57221325774","UK","Oxford","GailHayward"
"Shahd","Daher","57221385131","UK","Oxford","ShahdDaher"
"Xuejuan","Fan","57221539672","UK","Oxford","XuejuanFan"
"Mekha","Mathew","57221963030","UK","Oxford","MekhaMathew"
"Cristina","Stewart","57222076493","UK","Oxford","CristinaStewart"
"Richard","Stevens","57222170040","UK","Oxford","RichardStevens"
"Weiqi","Liao","57222343467","UK","Oxford","WeiqiLiao"
"Tom","Ranger","57222593978","UK","Oxford","TomRanger"
"Mary","Logan","57223168816","UK","Oxford","MaryLogan"
"Katherine","Tucker","57223805140","UK","Oxford","KatherineTucker"
"Louis","Fisher","57223901661","UK","Oxford","LouisFisher"
"Amelia","Green","57234248100","UK","Oxford","AmeliaGreen"
"Andrea","Roalfe","6603028247","UK","Oxford","AndreaRoalfe"
"Anthony","Harnden","6603975055","UK","Oxford","AnthonyHarnden"
"Simon","deLusignan","7003334937","UK","Oxford","SimondeLusignan"
"Julia","HippisleyCox","7003671665","UK","Oxford","JuliaHippisleyCox"
"Sue","Ziebland","7003768248","UK","Oxford","SueZiebland"
"Jeremy","Chalk","7004084686","UK","Oxford","JeremyChalk"
"Clare","Bankhead","7005395035","UK","Oxford","ClareBankhead"
"Michael","Feher","7005464958","UK","Oxford","MichaelFeher"
"Nick","Hicks","7005480396","UK","Oxford","NickHicks"
"Richard","Hobbs","7005778918","UK","Oxford","RichardHobbs"
"Kam","Bhui","7006102085","UK","Oxford","KamBhui"
"Lindsay","Stead","7006172106","UK","Oxford","LindsayStead"
"David","Mant","7006371521","UK","Oxford","DavidMant"
"Raphael","Wittenberg","7006787540","UK","Oxford","RaphaelWittenberg"
"Susan","Jebb","7007023278","UK","Oxford","SusanJebb"
"Victoria","Harris","7102072286","UK","Oxford","VictoriaHarris"
"Elizabeth","Spencer","7103118444","UK","Oxford","ElizabethSpencer"
"Mark","Joy","7103315657","UK","Oxford","MarkJoy"
"Catherine","Pope","7201777281","UK","Oxford","CatherinePope"
"Geoff","Wong","7402527517","UK","Oxford","GeoffWong"
"Sara","Shaw","7402758857","UK","Oxford","SaraShaw"
"Jane","Holmes","7403240141","UK","Oxford","JaneHolmes"
"John","Powell","7403541161","UK","Oxford","JohnPowell"
"LyMee","Yu","7404164174","UK","Oxford","LyMeeYu"
"Clare","Taylor","7404822567","UK","Oxford","ClareTaylor"
"Alex","Walker","8350588200","UK","Oxford","AlexWalker"
"Anne","Ferrey","8396139200","UK","Oxford","AnneFerrey"
"Thomas","Fanshawe","8700137700","UK","Oxford","ThomasFanshawe"
"Suman","Prinjha","8876979800","UK","Oxford","SumanPrinjha"
"Annette","Plüddemann","9338047600","UK","Oxford","AnnettePlüddemann"
"Jeff","Myers","15051137000","Canada","Toronto","JeffMyers"
"Deanna","Telner","15519829000","Canada","Toronto","DeannaTelner"
"Michelle","Naimer","15730009300","Canada","Toronto","MichelleNaimer"
"Onil","Bhattacharyya","16302966700","Canada","Toronto","OnilBhattacharyya"
"NoahMichael","Ivers","18437196800","Canada","Toronto","NoahMichaelIvers"
"MaryAnn","OBrien","21135457500","Canada","Toronto","MaryAnnOBrien"
"Megan","Landes","23397501800","Canada","Toronto","MeganLandes"
"Sandy","Buchman","23471705900","Canada","Toronto","SandyBuchman"
"Kathleen","Kerr","23473251700","Canada","Toronto","KathleenKerr"
"Aaron","Orkin","23668444300","Canada","Toronto","AaronOrkin"
"Tara","Kiran","24331996500","Canada","Toronto","TaraKiran"
"FokHan","Leung","26024277400","Canada","Toronto","FokHanLeung"
"Catherine","Varner","26430259100","Canada","Toronto","CatherineVarner"
"Shelley","McLeod","35339405200","Canada","Toronto","ShelleyMcLeod"
"MaryCatherine","Tierney","35433427300","Canada","Toronto","MaryCatherineTierney"
"Peter","Selby","35465440100","Canada","Toronto","PeterSelby"
"Rick","Glazier","35573320200","Canada","Toronto","RickGlazier"
"Ross","Upshur","35597915300","Canada","Toronto","RossUpshur"
"Christopher","Meaney","35765360800","Canada","Toronto","ChristopherMeaney"
"Sheldon","Cheskes","35791646200","Canada","Toronto","SheldonCheskes"
"Cynthia","Whitehead","35880692500","Canada","Toronto","CynthiaWhitehead"
"LisaMElisabeth","DelGiudice","36460871900","Canada","Toronto","LisaMElisabethDelGiudice"
"KulamakanMahan","Kulasegaram","36537207400","Canada","Toronto","KulamakanMahanKulasegaram"
"Blair","Henry","36987418300","Canada","Toronto","BlairHenry"
"Anita","Srivastava","55214919800","Canada","Toronto","AnitaSrivastava"
"Braden","ONeill","55320011600","Canada","Toronto","BradenONeill"
"Warren","McIsaac","55666413700","Canada","Toronto","WarrenMcIsaac"
"William","Cherniak","55851063500","Canada","Toronto","WilliamCherniak"
"Sheryl","Spithoff","55915104600","Canada","Toronto","SherylSpithoff"
"Jeremy","Rezmovitz","56007420800","Canada","Toronto","JeremyRezmovitz"
"David","White","56021614700","Canada","Toronto","DavidWhite"
"Viola","Antao","56541341000","Canada","Toronto","ViolaAntao"
"Kevin","Rod","56974153800","Canada","Toronto","KevinRod"
"Helen","Senderovich","57189868081","Canada","Toronto","HelenSenderovich"
"Noah","Crampton","57190296893","Canada","Toronto","NoahCrampton"
"StevenMarc","Friedman","57191512166","Canada","Toronto","StevenMarcFriedman"
"Payal","Agarwal","57191614110","Canada","Toronto","PayalAgarwal"
"Paul","Krueger","57192116704","Canada","Toronto","PaulKrueger"
"Edward","Xie","57199861809","Canada","Toronto","EdwardXie"
"Jana","Lazor","57201024757","Canada","Toronto","JanaLazor"
"Nav","Persaud","57203542168","Canada","Toronto","NavPersaud"
"Karen","Fleming","57204276780","Canada","Toronto","KarenFleming"
"Abhimanyu","Sud","57209448998","Canada","Toronto","AbhimanyuSud"
"Ann","Burchell","57210815284","Canada","Toronto","AnnBurchell"
"Melissa","Nutik","57212655591","Canada","Toronto","MelissaNutik"
"Deborah","KopanskyGiles","6504143605","Canada","Toronto","DeborahKopanskyGiles"
"Aisha","Lofters","6506388286","Canada","Toronto","AishaLofters"
"Bernard","LeFoll","6602513830","Canada","Toronto","BernardLeFoll"
"Anne","Biringer","6602609850","Canada","Toronto","AnneBiringer"
"Liisa","Jaakkimainen","6602979215","Canada","Toronto","LiisaJaakkimainen"
"Nicholas","Pimlott","6602984915","Canada","Toronto","NicholasPimlott"
"Bjug","Borgundvaag","6603165095","Canada","Toronto","BjugBorgundvaag"
"Rahim","Moineddin","6603577135","Canada","Toronto","RahimMoineddin"
"John","Maxted","6603855716","Canada","Toronto","JohnMaxted"
"Ruth","Heisey","6701787601","Canada","Toronto","RuthHeisey"
"MartinRobert","Chasen","7003488731","Canada","Toronto","MartinRobertChasen"
"Anthony","DUrzo","7003503848","Canada","Toronto","AnthonyDUrzo"
"Michelle","Greiver","7003725829","Canada","Toronto","MichelleGreiver"
"Eva","Grunfeld","7004206728","Canada","Toronto","EvaGrunfeld"
"Debra","Butt","7004637422","Canada","Toronto","DebraButt"
"Jeff","Kwong","7005301949","Canada","Toronto","JeffKwong"
"Joel","Lexchin","7006505283","Canada","Toronto","JoelLexchin"
"Frank","Sullivan","7101762078","Canada","Toronto","FrankSullivan"
"Leah","Steele","7102165628","Canada","Toronto","LeahSteele"
"Karen","Tu","7102291182","Canada","Toronto","KarenTu"
"Murray","Finkelstein","7102327915","Canada","Toronto","MurrayFinkelstein"
"Michael","Kidd","7102389330","Canada","Toronto","MichaelKidd"
"Heather","Sampson","7103246445","Canada","Toronto","HeatherSampson"
"Amna","Husain","7103373047","Canada","Toronto","AmnaHusain"
"James","Carson","7201381739","Canada","Toronto","JamesCarson"
"Sheila","Dunn","7201627072","Canada","Toronto","SheilaDunn"
"Risa","Freeman","7401588506","Canada","Toronto","RisaFreeman"
"June","Carroll","7402035036","Canada","Toronto","JuneCarroll"
"Andrew","Pinto","7402306537","Canada","Toronto","AndrewPinto"
"Tony","Antoniou","8763159700","Canada","Toronto","TonyAntoniou"
"Farah","Shroff","18042857600","Canada","UBC","FarahShroff"
"Joanie","SimsGould","23502337300","Canada","UBC","JoanieSimsGould"
"Ilona","Hale","26639197000","Canada","UBC","IlonaHale"
"Christie","Newton","35119084900","Canada","UBC","ChristieNewton"
"Vanessa","Brcic","35386078200","Canada","UBC","VanessaBrcic"
"Patricia","Boston","35586281700","Canada","UBC","PatriciaBoston"
"Cecilia","Jevitt","35615045800","Canada","UBC","CeciliaJevitt"
"David","Tu","36164698300","Canada","UBC","DavidTu"
"Hamideh","Bayrampour","36493934000","Canada","UBC","HamidehBayrampour"
"Wendy","Norman","42962175800","Canada","UBC","WendyNorman"
"Scott","Garrison","46861065400","Canada","UBC","ScottGarrison"
"Morgan","Price","55793224800","Canada","UBC","MorganPrice"
"Robert","Petrella","55924573000","Canada","UBC","RobertPetrella"
"Timothy","Teoh","56689643700","Canada","UBC","TimothyTeoh"
"Olivia","Tseng","57193097561","Canada","UBC","OliviaTseng"
"David","Kuhl","57194703078","Canada","UBC","DavidKuhl"
"Ian","Scott","57211718265","Canada","UBC","IanScott"
"Saraswathi","Vedam","57216427647","Canada","UBC","SaraswathiVedam"
"Silvia","Guillemi","6506839439","Canada","UBC","SilviaGuillemi"
"Maria","Hubinette","6507108229","Canada","UBC","MariaHubinette"
"Betty","Calam","6602350899","Canada","UBC","BettyCalam"
"Michael","Koehle","6602850378","Canada","UBC","MichaelKoehle"
"RobertF","Woollard","6603907426","Canada","UBC","RobertFWoollard"
"Robert","Stenstrom","6701743616","Canada","UBC","RobertStenstrom"
"David","Snadden","7003504545","Canada","UBC","DavidSnadden"
"Maureen","Ashe","7003538128","Canada","UBC","MaureenAshe"
"Rita","McCracken","7005293775","Canada","UBC","RitaMcCracken"
"Jack","Taunton","7005710289","Canada","UBC","JackTaunton"
"Heather","McKay","7005849009","Canada","UBC","HeatherMcKay"
"Jane","Buxton","7006242730","Canada","UBC","JaneBuxton"
"Ken","Bassett","7006361865","Canada","UBC","KenBassett"
"Martin","Dawes","7006447827","Canada","UBC","MartinDawes"
"David","Joyce","7102255821","Canada","UBC","DavidJoyce"
"Stefan","Grzybowski","7102342777","Canada","UBC","StefanGrzybowski"
"Margaret","McGregor","7103156525","Canada","UBC","MargaretMcGregor"
"Patricia","Janssen","7201762478","Canada","UBC","PatriciaJanssen"
"Karim","Khan","7403177580","Canada","UBC","KarimKhan"
"Michael","Klein","7404419790","Canada","UBC","MichaelKlein"
"Jude","Kornelsen","8669014200","Canada","UBC","JudeKornelsen"
"Irene","Peterson","23009891600","UK","UCL","IrenePeterson"
"Steve","Iliffe","23050302300","UK","UCL","SteveIliffe"
"Laura","Horsfall","24597333900","UK","UCL","LauraHorsfall"
"Antonio","Lazzarino","26023499800","UK","UCL","AntonioLazzarino"
"Fiona","Hamilton","26657997700","UK","UCL","FionaHamilton"
"Christina","Avgerinou","35204579600","UK","UCL","ChristinaAvgerinou"
"Jane","Wilcock","35239306300","UK","UCL","JaneWilcock"
"Melvyn","Jones","35724190300","UK","UCL","MelvynJones"
"Arnoupe","Jhass","35976353400","UK","UCL","ArnoupeJhass"
"Sophie","Park","55110968100","UK","UCL","SophiePark"
"Irwin","Nazareth","55334594200","UK","UCL","IrwinNazareth"
"Rachael","Hunter","55541432300","UK","UCL","RachaelHunter"
"Shoba","Poduval","55640150800","UK","UCL","ShobaPoduval"
"Kingshuk","Pal","55791267800","UK","UCL","KingshukPal"
"Artaza","Gilani","55949395100","UK","UCL","ArtazaGilani"
"Lorraine","McDonagh","55996347300","UK","UCL","LorraineMcDonagh"
"Jennifer","Dykxhoorn","56451068800","UK","UCL","JenniferDykxhoorn"
"Danielle","Nimmons","56695096000","UK","UCL","DanielleNimmons"
"Megan","Armstrong","56779544500","UK","UCL","MeganArmstrong"
"JuanCarlos","BazoAlvarez","57188860648","UK","UCL","JuanCarlosBazoAlvarez"
"Rachael","Frost","57191471812","UK","UCL","RachaelFrost"
"Douglas","McKechnie","57193278105","UK","UCL","DouglasMcKechnie"
"Jamie","Ross","57200906069","UK","UCL","JamieRoss"
"Joanna","Dobbin","57201188264","UK","UCL","JoannaDobbin"
"Kate","Walters","57203175207","UK","UCL","KateWalters"
"Yehudit","Bauernfreund","57203361350","UK","UCL","YehuditBauernfreund"
"Cini","Bhanu","57207487365","UK","UCL","CiniBhanu"
"Pushpa","Nair","57211539751","UK","UCL","PushpaNair"
"Sadie","LawesWickwar","57215412445","UK","UCL","SadieLawesWickwar"
"Nicola","Clarke","57221685533","UK","UCL","NicolaClarke"
"Sarah","Griffiths","57221968029","UK","UCL","SarahGriffiths"
"Marie","LeNovere","57226059428","UK","UCL","MarieLeNovere"
"John","Mitchell","57235777200","UK","UCL","JohnMitchell"
"Henry","Goodfellow","57445792600","UK","UCL","HenryGoodfellow"
"Rafael","Gafoor","6506935794","UK","UCL","RafaelGafoor"
"Barbara","Jefferis","6507251154","UK","UCL","BarbaraJefferis"
"Greta","Rait","6602151058","UK","UCL","GretaRait"
"Lucy","Lennon","6603033975","UK","UCL","LucyLennon"
"Will","Coppola","6603306283","UK","UCL","WillCoppola"
"Louise","Marston","6603627308","UK","UCL","LouiseMarston"
"Olia","Papacosta","6603773732","UK","UCL","OliaPapacosta"
"Goya","Wannamethee","7006543768","UK","UCL","GoyaWannamethee"
"Fiona","Stevenson","7102932453","UK","UCL","FionaStevenson"
"Paul","Wallace","7201787424","UK","UCL","PaulWallace"
"Nathan","Davies","7202610468","UK","UCL","NathanDavies"
"Elizabeth","Murray","7202670002","UK","UCL","ElizabethMurray"
"Joe","Rosenthal","7202963229","UK","UCL","JoeRosenthal"
"Caroline","Clarke","7401438272","UK","UCL","CarolineClarke"
"Martin","Marshall","7402449714","UK","UCL","MartinMarshall"
"Julia","Bailey","7404350273","UK","UCL","JuliaBailey"
"Surinder","Singh","7406398983","UK","UCL","SurinderSingh"
"Hazel","Gilbert","8652835200","UK","UCL","HazelGilbert"
"Sheena","Ramsay","9743612700","UK","UCL","SheenaRamsay"
"Danielle","Hessler","15759696700","USA","UCSF","DanielleHessler"
"Christine","Dehlendorf","16306339900","USA","UCSF","ChristineDehlendorf"
"Rita","Hamad","24331484500","USA","UCSF","RitaHamad"
"Geraldine","Oliva","35874123400","USA","UCSF","GeraldineOliva"
"Laura","Gottlieb","41261423800","USA","UCSF","LauraGottlieb"
"Rachel","WillardGrace","55601615600","USA","UCSF","RachelWillardGrace"
"Michael","Potter","57212832680","USA","UCSF","MichaelPotter"
"Kristen","Marchi","6603040336","USA","UCSF","KristenMarchi"
"Caroline","Fichtenberg","6603504070","USA","UCSF","CarolineFichtenberg"
"Paula","Braveman","7003374165","USA","UCSF","PaulaBraveman"
"Thomas","Bodenheimer","7005720799","USA","UCSF","ThomasBodenheimer"
"Kevin","Grumbach","7007088579","USA","UCSF","KevinGrumbach"
"Laura","Schmidt","7401563889","USA","UCSF","LauraSchmidt"
"Jennifer","Rienks","8680814900","USA","UCSF","JenniferRienks"
"Chinthaka","Balasooriya","30367561000","AUS","UNSW","ChinthakaBalasooriya"
"Mark","Harris","35585411800","AUS","UNSW","MarkHarris"
"Michael","Tam","54991681800","AUS","UNSW","MichaelTam"
"John","Hall","55327656100","AUS","UNSW","JohnHall"
"Kylie","Vuong","55841164100","AUS","UNSW","KylieVuong"
"Robyn","Richmond","7102805425","AUS","UNSW","RobynRichmond"
"SiawTeng","Liaw","7103188397","AUS","UNSW","SiawTengLiaw"
"Andrew","Knight","8543938700","AUS","UNSW","AndrewKnight"
